{"f1": 0.6735769348024911, "f05": 0.6718197200430702, "f2": 0.7897943513387193, "auc": 0.8040981188632931, "mcc": 0.44591896097107375, "aucpr": 0.7230469243874207}