{"f1score": 0.6717743806372507, "auc": 0.6667825402819738, "mcc": 0.35896818199885294, "classification_report": "              precision    recall  f1-score   support\n\n           0       0.73      0.84      0.78      8000\n           1       0.66      0.49      0.56      4965\n\n    accuracy                           0.71     12965\n   macro avg       0.69      0.67      0.67     12965\nweighted avg       0.70      0.71      0.70     12965\n"}