{"f1": 0.8028000097902441, "f05": 0.8270441024632479, "f2": 0.8590626743877561, "auc": 0.9235392135574018, "mcc": 0.6777296536003478, "aucpr": 0.8904785842705293}