{"f1": 0.6190515429936962, "f05": 0.593032866588876, "f2": 0.7625968533510077, "auc": 0.728837531470292, "mcc": 0.3332956501615878, "aucpr": 0.6240229306167239}